SiteID,SourceName,Year
accs_AKBB-011,uaaAKNHP,2015
accs_AKBB-011,uaaAKNHP,2016
accs_AKBB-011,uaaAKNHP,2017
accs_AKBB-011,uaaAKNHP,2018
accs_AKBB-011,uaaAKNHP,2019
accs_AKBB-020,uaaAKNHP,2016
accs_AKBB-020,uaaAKNHP,2017
accs_AKBB-020,uaaAKNHP,2018
accs_AKBB-020,uaaAKNHP,2019
accs_AKBB-028,uaaAKNHP,2015
accs_AKBB-028,uaaAKNHP,2016
accs_AKBB-028,uaaAKNHP,2017
accs_AKBB-028,uaaAKNHP,2018
accs_AKBB-028,uaaAKNHP,2019
accs_AKBB-029,uaaAKNHP,2015
accs_AKBB-029,uaaAKNHP,2016
accs_AKBB-029,uaaAKNHP,2017
accs_AKBB-029,uaaAKNHP,2018
accs_AKBB-029,uaaAKNHP,2019
accs_AKBB-040,uaaAKNHP,2016
accs_AKBB-040,uaaAKNHP,2017
accs_AKBB-040,uaaAKNHP,2018
accs_AKBB-040,uaaAKNHP,2019
accs_ilbig01,CIK,2018
accs_iltaz02,uaaAKNHP,2016
accs_iltaz02,uaaAKNHP,2017
accs_iltaz02,uaaAKNHP,2018
accs_iltaz02,uaaAKNHP,2019
accs_iltnr19,uaaAKNHP,2013
accs_iltnr19,uaaAKNHP,2014
accs_iltnr19,uaaAKNHP,2015
accs_iltnr19,uaaAKNHP,2016
accs_iltnr19,uaaAKNHP,2017
accs_iltnr19,uaaAKNHP,2018
accs_iltnr19,uaaAKNHP,2019
accs_mubon10,uaaAKNHP,2015
accs_mubon10,uaaAKNHP,2016
accs_mubon10,uaaAKNHP,2019
accs_muekm23,uaaAKNHP,2013
accs_muekm23,uaaAKNHP,2014
accs_muekm23,uaaAKNHP,2015
accs_muekm23,uaaAKNHP,2016
accs_muekm23,uaaAKNHP,2017
accs_muekm23,uaaAKNHP,2018
accs_muekm23,uaaAKNHP,2019
accs_musfk01,uaaAKNHP,2016
accs_musfk01,uaaAKNHP,2017
accs_musfk01,uaaAKNHP,2018
accs_musfk01,uaaAKNHP,2019
accs_mussm15,uaaAKNHP,2013
accs_mussm15,uaaAKNHP,2014
accs_mussm15,uaaAKNHP,2015
accs_mussm15,uaaAKNHP,2016
accs_mussm15,uaaAKNHP,2017
accs_mussm15,uaaAKNHP,2018
accs_mussm15,uaaAKNHP,2019
accs_mustu17,uaaAKNHP,2015
accs_mustu17,uaaAKNHP,2016
accs_mustu17,uaaAKNHP,2017
accs_mustu17,uaaAKNHP,2018
accs_mustu17,uaaAKNHP,2019
accs_mutsk02,uaaAKNHP,2013
accs_mutsk02,uaaAKNHP,2014
accs_mutsk02,uaaAKNHP,2015
accs_mutsk02,uaaAKNHP,2016
accs_mutsk02,uaaAKNHP,2017
accs_mutsk02,uaaAKNHP,2018
accs_mutsk02,uaaAKNHP,2019
accs_mutsk09,uaaAKNHP,2013
accs_mutsk09,uaaAKNHP,2014
accs_mutsk09,uaaAKNHP,2015
accs_mutsk09,uaaAKNHP,2016
accs_mutsk09,uaaAKNHP,2017
accs_mutsk09,uaaAKNHP,2018
accs_mutsk09,uaaAKNHP,2019
kdk_ayarv01,akDFGComFish,2016
kdk_ayarv01,akDFGComFish,2017
kdk_ayarv01,akDFGComFish,2018
kdk_ayarv01,akDFGComFish,2020
kdk_busrv01,akDFGComFish,2016
kdk_busrv01,akDFGComFish,2017
kdk_busrv01,akDFGComFish,2018
kdk_doscr01,akDFGComFish,2015
kdk_doscr01,akDFGComFish,2016
kdk_doscr01,akDFGComFish,2017
kdk_doscr01,akDFGComFish,2018
kdk_doscr01,akDFGComFish,2019
kdk_doscr02,akDFGComFish,2015
kdk_doscr02,akDFGComFish,2017
kdk_doscr02,akDFGComFish,2018
kdk_doscr02,akDFGComFish,2019
kdk_karrv01,akDFGComFish,2015
kdk_karrv01,akDFGComFish,2016
kdk_karrv01,akDFGComFish,2017
kdk_karrv01,akDFGComFish,2018
kdk_karrv01,akDFGComFish,2019
kdk_karrv01,akDFGComFish,2020
kdk_olgcr01a,akDFGComFish,2016
kdk_olgcr01a,akDFGComFish,2017
kdk_olgcr01a,akDFGComFish,2019
kdk_olgcr01a,akDFGComFish,2020
APU10,APU,2015
APU11,APU,2015
APU12,APU,2015
APU5,APU,2015
AR2,CIK,2006
AR2,CIK,2007
CIK1,CIK,2005
CIK1,CIK,2006
CIK1,CIK,2007
CIK2,CIK,2005
CIK3,CIK,2005
CIK3,CIK,2006
CIK3,CIK,2007
CIK4,CIK,2005
CIK4,CIK,2006
CIK4,CIK,2007
CIK6,CIK,2005
PJ Mid,KBRR,2012
STAR 171 Lower,KBRR,2012
STAR 171 Upper,KBRR,2012
cik_Ben Courtney Creek,CIK,2017
cik_Big Creek,CIK,2014
cik_Big Creek,CIK,2015
cik_Copper River,CIK,2017
cik_Copper River,CIK,2018
cik_Gibraltar River,CIK,2017
cik_Gibraltar River,CIK,2018
cik_Napotoli Creek,CIK,2014
cik_Napotoli Creek,CIK,2015
cik_Napotoli Creek,CIK,2016
cik_Napotoli Creek,CIK,2017
cik_Napotoli Creek,CIK,2018
cik_Napotoli Creek,CIK,2019
cik_Neilson Creek,CIK,2014
cik_Neilson Creek,CIK,2015
cik_Panaruqak Creek,CIK,2015
cik_Panaruqak Creek,CIK,2017
cik_Roadhouse Creek,CIK,2018
cik_Silver Salmon Creek,CIK,2014
cik_Silver Salmon Creek,CIK,2015
cik_Silver Salmon Creek,CIK,2016
cik_Silver Salmon Creek,CIK,2017
cik_Silver Salmon Creek,CIK,2018
cik_Sivanguq Creek,CIK,2014
cik_Sivanguq Creek,CIK,2015
cik_Sivanguq Creek,CIK,2016
cik_Sivanguq Creek,CIK,2017
cik_Squaw Creek,CIK,2014
cik_Squaw Creek,CIK,2015
cik_Tunravik Creek,CIK,2014
cik_Yellow Creek,CIK,2015
cik_Yellow Creek,CIK,2016
cik_Yellow Creek,CIK,2017
cik_Yellow Creek,CIK,2018
cik_Yellow Creek,CIK,2019
CIK_0,CIK,2009
CIK_0,CIK,2010
CIK_0,CIK,2011
CIK_0,CIK,2012
CIK_1,CIK,2008
CIK_1,CIK,2009
CIK_1,CIK,2010
CIK_1,CIK,2011
CIK_10,CIK,2008
CIK_10,CIK,2009
CIK_10,CIK,2010
CIK_10,CIK,2011
CIK_10,CIK,2012
CIK_10,CIK,2019
CIK_11,CIK,2008
CIK_11,CIK,2009
CIK_11,CIK,2010
CIK_11,CIK,2011
CIK_11,CIK,2012
CIK_11,CIK,2014
CIK_11,CIK,2015
CIK_11,CIK,2019
CIK_12,CIK,2008
CIK_12,CIK,2009
CIK_12,CIK,2010
CIK_12,CIK,2011
CIK_12,CIK,2012
CIK_12,CIK,2014
CIK_12,CIK,2015
CIK_13,CIK,2008
CIK_13,CIK,2009
CIK_13,CIK,2010
CIK_13,CIK,2011
CIK_13,CIK,2014
CIK_13,CIK,2015
CIK_14,CIK,2004
CIK_14,CIK,2005
CIK_14,CIK,2006
CIK_14,CIK,2007
CIK_14,CIK,2008
CIK_14,CIK,2009
CIK_14,CIK,2010
CIK_14,CIK,2011
CIK_14,CIK,2012
CIK_14,CIK,2013
CIK_14,CIK,2014
CIK_14,CIK,2015
CIK_14,CIK,2016
CIK_14,CIK,2017
CIK_14,CIK,2018
CIK_14,CIK,2019
CIK_15,CIK,2004
CIK_15,CIK,2005
CIK_15,CIK,2006
CIK_15,CIK,2007
CIK_15,CIK,2008
CIK_15,CIK,2009
CIK_15,CIK,2011
CIK_16,CIK,2009
CIK_16,CIK,2010
CIK_16,CIK,2011
CIK_16,CIK,2012
CIK_17,CIK,2008
CIK_17,CIK,2009
CIK_17,CIK,2010
CIK_17,CIK,2011
CIK_17,CIK,2012
CIK_18,CIK,2009
CIK_18,CIK,2010
CIK_18,CIK,2011
CIK_18,CIK,2012
CIK_19,CIK,2009
CIK_19,CIK,2010
CIK_19,CIK,2011
CIK_19,CIK,2012
CIK_2,CIK,2008
CIK_2,CIK,2009
CIK_2,CIK,2010
CIK_20,CIK,2008
CIK_20,CIK,2009
CIK_20,CIK,2010
CIK_20,CIK,2011
CIK_20,CIK,2012
CIK_21,CIK,2008
CIK_21,CIK,2009
CIK_21,CIK,2010
CIK_21,CIK,2011
CIK_21,CIK,2012
CIK_22,CIK,2009
CIK_22,CIK,2010
CIK_23,CIK,2008
CIK_23,CIK,2009
CIK_23,CIK,2010
CIK_23,CIK,2011
CIK_23,CIK,2012
CIK_23,CIK,2014
CIK_23,CIK,2015
CIK_23,CIK,2019
CIK_24,CIK,2009
CIK_24,CIK,2010
CIK_24,CIK,2011
CIK_24,CIK,2012
CIK_25,CIK,2008
CIK_25,CIK,2010
CIK_25,CIK,2012
CIK_26,CIK,2009
CIK_26,CIK,2010
CIK_26,CIK,2011
CIK_26,CIK,2012
CIK_27,CIK,2008
CIK_27,CIK,2009
CIK_27,CIK,2010
CIK_27,CIK,2011
CIK_28,CIK,2009
CIK_28,CIK,2010
CIK_28,CIK,2014
CIK_28,CIK,2016
CIK_28,CIK,2017
CIK_29,CIK,2008
CIK_29,CIK,2009
CIK_29,CIK,2010
CIK_29,CIK,2012
CIK_3,CIK,2008
CIK_3,CIK,2009
CIK_3,CIK,2010
CIK_3,CIK,2011
CIK_3,CIK,2013
CIK_3,CIK,2014
CIK_3,CIK,2015
CIK_3,CIK,2016
CIK_3,CIK,2017
CIK_3,CIK,2018
CIK_3,CIK,2019
CIK_30,CIK,2008
CIK_30,CIK,2009
CIK_30,CIK,2010
CIK_30,CIK,2011
CIK_30,CIK,2012
CIK_30,CIK,2013
CIK_30,CIK,2014
CIK_30,CIK,2015
CIK_30,CIK,2016
CIK_30,CIK,2017
CIK_30,CIK,2018
CIK_30,CIK,2019
CIK_31,CIK,2008
CIK_31,CIK,2009
CIK_31,CIK,2010
CIK_31,CIK,2011
CIK_31,CIK,2012
CIK_32,CIK,2009
CIK_32,CIK,2010
CIK_32,CIK,2011
CIK_33,CIK,2008
CIK_33,CIK,2009
CIK_33,CIK,2010
CIK_33,CIK,2011
CIK_34,CIK,2009
CIK_34,CIK,2011
CIK_35,CIK,2008
CIK_35,CIK,2009
CIK_35,CIK,2010
CIK_35,CIK,2011
CIK_35,CIK,2012
CIK_35,CIK,2013
CIK_35,CIK,2014
CIK_35,CIK,2015
CIK_35,CIK,2016
CIK_35,CIK,2017
CIK_35,CIK,2018
CIK_35,CIK,2019
CIK_36,CIK,2008
CIK_36,CIK,2009
CIK_36,CIK,2010
CIK_36,CIK,2011
CIK_37,CIK,2008
CIK_37,CIK,2009
CIK_37,CIK,2010
CIK_37,CIK,2011
CIK_38,CIK,2008
CIK_38,CIK,2009
CIK_38,CIK,2011
CIK_38,CIK,2012
CIK_38,CIK,2013
CIK_38,CIK,2014
CIK_38,CIK,2015
CIK_38,CIK,2016
CIK_38,CIK,2017
CIK_38,CIK,2018
CIK_38,CIK,2019
CIK_39,CIK,2008
CIK_39,CIK,2009
CIK_39,CIK,2010
CIK_39,CIK,2011
CIK_39,CIK,2012
CIK_4,CIK,2008
CIK_4,CIK,2009
CIK_4,CIK,2010
CIK_4,CIK,2012
CIK_4,CIK,2013
CIK_4,CIK,2014
CIK_4,CIK,2015
CIK_4,CIK,2016
CIK_4,CIK,2017
CIK_4,CIK,2018
CIK_4,CIK,2019
CIK_40,CIK,2008
CIK_40,CIK,2009
CIK_40,CIK,2010
CIK_40,CIK,2011
CIK_40,CIK,2012
CIK_41,CIK,2008
CIK_41,CIK,2009
CIK_41,CIK,2010
CIK_41,CIK,2012
CIK_42,CIK,2009
CIK_42,CIK,2010
CIK_43,CIK,2008
CIK_43,CIK,2009
CIK_43,CIK,2011
CIK_43,CIK,2012
CIK_44,CIK,2009
CIK_45,CIK,2011
CIK_46,CIK,2010
CIK_46,CIK,2011
CIK_47,CIK,2009
CIK_47,CIK,2010
CIK_48,CIK,2011
CIK_5,CIK,2008
CIK_5,CIK,2009
CIK_5,CIK,2010
CIK_5,CIK,2011
CIK_5,CIK,2012
CIK_5,CIK,2014
CIK_5,CIK,2015
CIK_6,CIK,2003
CIK_6,CIK,2004
CIK_6,CIK,2005
CIK_6,CIK,2006
CIK_6,CIK,2007
CIK_6,CIK,2008
CIK_6,CIK,2009
CIK_6,CIK,2010
CIK_6,CIK,2011
CIK_6,CIK,2013
CIK_6,CIK,2014
CIK_6,CIK,2015
CIK_6,CIK,2016
CIK_6,CIK,2017
CIK_6,CIK,2018
CIK_6,CIK,2019
CIK_7,CIK,2008
CIK_7,CIK,2009
CIK_7,CIK,2010
CIK_7,CIK,2011
CIK_8,CIK,2004
CIK_8,CIK,2005
CIK_8,CIK,2006
CIK_8,CIK,2007
CIK_8,CIK,2008
CIK_8,CIK,2009
CIK_8,CIK,2010
CIK_8,CIK,2011
CIK_8,CIK,2012
CIK_8,CIK,2013
CIK_8,CIK,2014
CIK_8,CIK,2015
CIK_8,CIK,2016
CIK_8,CIK,2017
CIK_8,CIK,2018
CIK_8,CIK,2019
CIK_9,CIK,2008
CIK_9,CIK,2009
CIK_9,CIK,2010
CIK_9,CIK,2011
CIK_9,CIK,2012
CIK_9,CIK,2014
CIK_9,CIK,2015
CIK_9,CIK,2019
Deshka 1 Downstream,CIK,2017
Deshka 1 Downstream,CIK,2018
Deshka 1 Downstream,CIK,2019
Deshka 1 Tributary,CIK,2017
Deshka 1 Tributary,CIK,2018
Deshka 1 Tributary,CIK,2019
Deshka 1 Upstream,CIK,2017
Deshka 1 Upstream,CIK,2018
Deshka 2 Downstream,CIK,2018
Deshka 2 Downstream,CIK,2019
Deshka 2 Tributary,CIK,2017
Deshka 2 Tributary,CIK,2018
Deshka 2 Tributary,CIK,2019
Deshka 2 Upstream,CIK,2017
Deshka 2 Upstream,CIK,2018
Deshka 3 Downstream,CIK,2017
Deshka 3 Downstream,CIK,2018
Deshka 3 Downstream,CIK,2019
Deshka 3 Tributary,CIK,2017
Deshka 3 Tributary,CIK,2018
Deshka 3 Tributary,CIK,2019
Deshka 3 Upstream,CIK,2018
Deshka 4 Downstream,CIK,2017
Deshka 4 Downstream,CIK,2019
Deshka 4 Tributary,CIK,2017
Deshka 4 Tributary,CIK,2018
Deshka 4 Tributary,CIK,2019
Deshka 4 Upstream,CIK,2017
Deshka 4 Upstream,CIK,2018
Deshka 4 Upstream,CIK,2019
Deshka 5 Downstream,CIK,2018
Deshka 5 Downstream,CIK,2019
Deshka 5 Tributary,CIK,2017
Deshka 5 Tributary,CIK,2018
Deshka 5 Tributary,CIK,2019
Deshka 6 Downstream,CIK,2017
Deshka 6 Downstream,CIK,2018
Deshka 6 Downstream,CIK,2019
Deshka 6 Tributary,CIK,2017
Deshka 6 Tributary,CIK,2018
Deshka 6 Tributary,CIK,2019
Deshka 6 Upstream,CIK,2017
Deshka 6 Upstream,CIK,2018
Deshka 6 Upstream,CIK,2019
Kroto 1 Downstream,CIK,2017
Kroto 1 Downstream,CIK,2018
Kroto 1 Downstream,CIK,2019
Kroto 1 Tributary,CIK,2017
Kroto 1 Tributary,CIK,2018
Kroto 1 Tributary,CIK,2019
Kroto 1 Upstream,CIK,2017
Kroto 1 Upstream,CIK,2018
Kroto 1 Upstream,CIK,2019
Kroto 2 Downstream,CIK,2017
Kroto 2 Downstream,CIK,2018
Kroto 2 Downstream,CIK,2019
Kroto 2 Tributary,CIK,2017
Kroto 2 Tributary,CIK,2018
Kroto 2 Tributary,CIK,2019
Kroto 2 Upstream,CIK,2017
Kroto 2 Upstream,CIK,2018
Kroto 2 Upstream,CIK,2019
Kroto 3 Downstream,CIK,2017
Kroto 3 Downstream,CIK,2018
Kroto 3 Downstream,CIK,2019
Kroto 3 Tributary,CIK,2017
Kroto 3 Tributary,CIK,2018
Kroto 3 Tributary,CIK,2019
Kroto 3 Upstream,CIK,2017
Kroto 3 Upstream,CIK,2018
Kroto 3 Upstream,CIK,2019
Kroto 4 Downstream,CIK,2017
Kroto 4 Downstream,CIK,2018
Kroto 4 Downstream,CIK,2019
Kroto 4 Tributary,CIK,2017
Kroto 4 Tributary,CIK,2018
Kroto 4 Tributary,CIK,2019
Kroto 4 Upstream,CIK,2017
Kroto 4 Upstream,CIK,2018
Kroto 4 Upstream,CIK,2019
Kroto 5 Downstream,CIK,2017
Kroto 5 Downstream,CIK,2018
Kroto 5 Downstream,CIK,2019
Kroto 6 Downstream,CIK,2017
Kroto 6 Downstream,CIK,2018
Kroto 6 Downstream,CIK,2019
Kroto 6 Tributary,CIK,2018
Kroto 6 Upstream,CIK,2017
Kroto 6 Upstream,CIK,2018
Kroto 6 Upstream,CIK,2019
Kroto 7 Downstream,CIK,2017
Kroto 7 Downstream,CIK,2018
Kroto 7 Downstream,CIK,2019
Kroto 7 Tributary,CIK,2018
Kroto 7 Tributary,CIK,2019
Kroto 7 Upstream,CIK,2017
Kroto 7 Upstream,CIK,2018
Kroto 7 Upstream,CIK,2019
Kroto 8 Downstream,CIK,2017
Kroto 8 Downstream,CIK,2018
Kroto 8 Tributary,CIK,2017
Kroto 8 Tributary,CIK,2018
Kroto 8 Upstream,CIK,2017
Kroto 8 Upstream,CIK,2018
Kroto 8 Upstream,CIK,2019
Moose 1 Top of Study,CIK,2017
Moose 1 Top of Study,CIK,2018
Moose 1 Top of Study,CIK,2019
Moose 2 Downstream,CIK,2017
Moose 2 Downstream,CIK,2018
Moose 2 Downstream,CIK,2019
Moose 2 Tributary,CIK,2017
Moose 2 Tributary,CIK,2018
Moose 2 Tributary,CIK,2019
Moose 2 Upstream,CIK,2017
Moose 2 Upstream,CIK,2018
Moose 2 Upstream,CIK,2019
Moose 3 Downstream,CIK,2017
Moose 3 Downstream,CIK,2018
Moose 3 Downstream,CIK,2019
Moose 3 Tributary,CIK,2017
Moose 3 Tributary,CIK,2018
Moose 3 Upstream,CIK,2017
Moose 3 Upstream,CIK,2019
Moose 4 Downstream,CIK,2017
Moose 4 Downstream,CIK,2018
Moose 4 Downstream,CIK,2019
Moose 4 Tributary,CIK,2018
Moose 4 Tributary,CIK,2019
Moose 4 Upstream,CIK,2017
Moose 4 Upstream,CIK,2018
Moose 4 Upstream,CIK,2019
Moose 5 Downstream,CIK,2017
Moose 5 Downstream,CIK,2018
Moose 5 Downstream,CIK,2019
Moose 5 Tributary,CIK,2018
Moose 5 Tributary,CIK,2019
Moose 5 Upstream,CIK,2017
Moose 5 Upstream,CIK,2018
Moose 6 Downstream,CIK,2017
Moose 6 Downstream,CIK,2018
Moose 6 Downstream,CIK,2019
Moose 6 Tributary,CIK,2017
Moose 6 Tributary,CIK,2018
Moose 6 Tributary,CIK,2019
Moose 6 Upstream,CIK,2017
Moose 6 Upstream,CIK,2018
Moose 6 Upstream,CIK,2019
Moose 7 Downstream,CIK,2017
Moose 7 Downstream,CIK,2018
Moose 7 Downstream,CIK,2019
Moose 7 Tributary,CIK,2019
Moose 7 Upstream,CIK,2017
Moose 7 Upstream,CIK,2018
Moose 7 Upstream,CIK,2019
Moose 8 Downstream,CIK,2018
Moose 8 Downstream,CIK,2019
Moose 8 Tributary,CIK,2017
Moose 8 Tributary,CIK,2018
Moose 8 Tributary,CIK,2019
Moose 8 Upstream,CIK,2017
Moose 8 Upstream,CIK,2018
Moose 8 Upstream,CIK,2019
OMCT1,fwsAnchorage,2019
OMCT2,fwsAnchorage,2019
OMCT3,fwsAnchorage,2019
OMCT4,fwsAnchorage,2019
OWL1,fwsAnchorage,2019
PGC1,fwsAnchorage,2019
PGC2,fwsAnchorage,2019
PGCT1,fwsAnchorage,2019
PMC1,fwsAnchorage,2019
PMC2,fwsAnchorage,2019
PMCT1,fwsAnchorage,2019
PNC1,fwsAnchorage,2019
PNCT1,fwsAnchorage,2019
PNCT2,fwsAnchorage,2019
PNCT4,fwsAnchorage,2019
PWMC1,fwsAnchorage,2019
fws_580223156504200,fwsAlaskaWRD,2015
fws_580223156504200,fwsAlaskaWRD,2016
fws_580223156504200,fwsAlaskaWRD,2017
fws_580223156504200,fwsAlaskaWRD,2018
fws_GELO,fwsakTogiakNWR,2003
fws_GELO,fwsakTogiakNWR,2004
fws_GELO,fwsakTogiakNWR,2005
fws_GELO,fwsakTogiakNWR,2006
fws_GELO,fwsakTogiakNWR,2007
fws_GELO,fwsakTogiakNWR,2008
fws_GELO,fwsakTogiakNWR,2009
fws_GELO,fwsakTogiakNWR,2011
fws_GELO,fwsakTogiakNWR,2012
fws_GELO,fwsakTogiakNWR,2013
fws_KULR,fwsakTogiakNWR,2002
fws_KULR,fwsakTogiakNWR,2003
fws_KULR,fwsakTogiakNWR,2006
fws_KULR,fwsakTogiakNWR,2007
fws_KULR,fwsakTogiakNWR,2008
fws_KULR,fwsakTogiakNWR,2011
fws_KULR,fwsakTogiakNWR,2012
fws_KULR,fwsakTogiakNWR,2013
fws_KULR,fwsakTogiakNWR,2014
fws_KULR,fwsakTogiakNWR,2015
fws_KULR,fwsakTogiakNWR,2016
fws_KULR,fwsakTogiakNWR,2017
fws_KULR,fwsakTogiakNWR,2018
fws_MALR,fwsakTogiakNWR,2003
fws_MALR,fwsakTogiakNWR,2006
fws_NCLO,fwsakTogiakNWR,2003
fws_NCLO,fwsakTogiakNWR,2004
fws_NCLO,fwsakTogiakNWR,2005
fws_NCLO,fwsakTogiakNWR,2006
fws_NCLO,fwsakTogiakNWR,2007
fws_NCLO,fwsakTogiakNWR,2008
fws_NCLO,fwsakTogiakNWR,2009
fws_NCLO,fwsakTogiakNWR,2010
fws_NCLO,fwsakTogiakNWR,2011
fws_NCLO,fwsakTogiakNWR,2012
fws_NCLO,fwsakTogiakNWR,2013
fws_NCLO,fwsakTogiakNWR,2014
fws_NCLO,fwsakTogiakNWR,2015
fws_NCLO,fwsakTogiakNWR,2016
fws_NCLO,fwsakTogiakNWR,2017
fws_NCLO,fwsakTogiakNWR,2018
fws_NCLO,fwsakTogiakNWR,2019
fws_Newhalen River,FWS - Alaska Region Office of Subsistence Management,2009
fws_Newhalen River,FWS - Alaska Region Office of Subsistence Management,2010
fws_Newhalen River,FWS - Alaska Region Office of Subsistence Management,2011
fws_Newhalen River,FWS - Alaska Region Office of Subsistence Management,2012
fws_Newhalen River,FWS - Alaska Region Office of Subsistence Management,2013
fws_Newhalen River,FWS - Alaska Region Office of Subsistence Management,2014
fws_Newhalen River,FWS - Alaska Region Office of Subsistence Management,2015
fws_Newhalen River,FWS - Alaska Region Office of Subsistence Management,2016
fws_Newhalen River,FWS - Alaska Region Office of Subsistence Management,2017
fws_Newhalen River,FWS - Alaska Region Office of Subsistence Management,2018
fws_OSLR,fwsakTogiakNWR,2002
fws_OSLR,fwsakTogiakNWR,2003
fws_OSLR,fwsakTogiakNWR,2005
fws_OSLR2,fwsakTogiakNWR,2010
fws_OSLR2,fwsakTogiakNWR,2011
fws_OSLR2,fwsakTogiakNWR,2012
fws_OSLR2,fwsakTogiakNWR,2013
fws_OSLR2,fwsakTogiakNWR,2017
fws_OSLR2,fwsakTogiakNWR,2018
fws_PULO,fwsakTogiakNWR,2003
fws_PULO,fwsakTogiakNWR,2004
fws_PULO,fwsakTogiakNWR,2005
fws_PULO,fwsakTogiakNWR,2006
fws_PULO,fwsakTogiakNWR,2007
fws_PULO,fwsakTogiakNWR,2008
fws_PULO,fwsakTogiakNWR,2009
fws_PULO,fwsakTogiakNWR,2012
fws_PULO,fwsakTogiakNWR,2014
fws_PULO,fwsakTogiakNWR,2015
fws_PULO,fwsakTogiakNWR,2016
fws_PULO,fwsakTogiakNWR,2017
fws_PULO,fwsakTogiakNWR,2018
fws_PULO,fwsakTogiakNWR,2019
fws_PULR,fwsakTogiakNWR,2003
fws_PULR,fwsakTogiakNWR,2004
fws_PULR,fwsakTogiakNWR,2005
fws_PULR,fwsakTogiakNWR,2008
fws_PULR,fwsakTogiakNWR,2009
fws_PULR,fwsakTogiakNWR,2010
fws_PULR,fwsakTogiakNWR,2011
fws_PULR,fwsakTogiakNWR,2012
fws_PULR,fwsakTogiakNWR,2013
fws_PULR,fwsakTogiakNWR,2014
fws_PULR,fwsakTogiakNWR,2015
fws_PULR,fwsakTogiakNWR,2019
fws_SLLR,fwsakTogiakNWR,2005
fws_SLLR,fwsakTogiakNWR,2006
fws_SLLR,fwsakTogiakNWR,2007
fws_SLLR,fwsakTogiakNWR,2008
fws_SLLR,fwsakTogiakNWR,2011
fws_SLLR,fwsakTogiakNWR,2014
fws_SLLR,fwsakTogiakNWR,2015
fws_SLLR,fwsakTogiakNWR,2016
fws_SLLR,fwsakTogiakNWR,2017
fws_SLLR,fwsakTogiakNWR,2018
fws_TOLO,fwsakTogiakNWR,2003
fws_TOLO,fwsakTogiakNWR,2004
fws_TOLO,fwsakTogiakNWR,2005
fws_TOLO,fwsakTogiakNWR,2006
fws_TOLO,fwsakTogiakNWR,2010
fws_TOLO,fwsakTogiakNWR,2011
fws_TOLO,fwsakTogiakNWR,2012
fws_TOLO,fwsakTogiakNWR,2013
fws_TOLO,fwsakTogiakNWR,2014
fws_TOLO,fwsakTogiakNWR,2015
fws_TOLO,fwsakTogiakNWR,2016
fws_TOLO,fwsakTogiakNWR,2017
fws_TOLO,fwsakTogiakNWR,2018
fws_TOLR,fwsakTogiakNWR,2003
fws_TOLR,fwsakTogiakNWR,2004
fws_TOLR,fwsakTogiakNWR,2005
fws_TOLR,fwsakTogiakNWR,2006
fws_TOLR,fwsakTogiakNWR,2007
fws_TOLR,fwsakTogiakNWR,2010
fws_TOLR,fwsakTogiakNWR,2011
fws_TOLR,fwsakTogiakNWR,2012
fws_TOLR,fwsakTogiakNWR,2013
fws_TOLR,fwsakTogiakNWR,2014
fws_TOLR,fwsakTogiakNWR,2015
fws_TOLR,fwsakTogiakNWR,2016
fws_WELR,fwsakTogiakNWR,2003
fws_WELR,fwsakTogiakNWR,2004
fws_WELR,fwsakTogiakNWR,2005
fws_WELR,fwsakTogiakNWR,2006
fws_WELR,fwsakTogiakNWR,2007
fws_WELR,fwsakTogiakNWR,2008
fws_WELR,fwsakTogiakNWR,2009
fws_WELR,fwsakTogiakNWR,2010
fws_WELR2,fwsakTogiakNWR,2012
fws_WELR2,fwsakTogiakNWR,2013
fws_WELR2,fwsakTogiakNWR,2014
fws_WELR2,fwsakTogiakNWR,2015
fws_WELR2,fwsakTogiakNWR,2016
fws_WELR2,fwsakTogiakNWR,2017
571005154134600,fwsAlaskaWRD,2005
571005154134600,fwsAlaskaWRD,2006
571221154040300,fwsAlaskaWRD,2005
571343154244900,fwsAlaskaWRD,2006
572656154082400,fwsAlaskaWRD,2005
572656154082400,fwsAlaskaWRD,2006
fws_kdk_aforv01,FWS - Alaska Region Office of Subsistence Management,2009
fws_kdk_aforv01,FWS - Alaska Region Office of Subsistence Management,2010
fws_kdk_aforv01,FWS - Alaska Region Office of Subsistence Management,2011
fws_kdk_aforv01,FWS - Alaska Region Office of Subsistence Management,2012
fws_kdk_aforv01,FWS - Alaska Region Office of Subsistence Management,2013
fws_kdk_aforv01,FWS - Alaska Region Office of Subsistence Management,2014
fws_kdk_aforv01,FWS - Alaska Region Office of Subsistence Management,2016
fws_kdk_aforv01,FWS - Alaska Region Office of Subsistence Management,2017
fws_kdk_aforv01,FWS - Alaska Region Office of Subsistence Management,2018
fws_kdk_busrv01,FWS - Alaska Region Office of Subsistence Management,2009
fws_kdk_busrv01,FWS - Alaska Region Office of Subsistence Management,2012
fws_kdk_busrv01,FWS - Alaska Region Office of Subsistence Management,2014
fws_kdk_busrv01,FWS - Alaska Region Office of Subsistence Management,2015
fws_kdk_busrv01,FWS - Alaska Region Office of Subsistence Management,2016
fws_kdk_busrv01,FWS - Alaska Region Office of Subsistence Management,2017
fws_Long Lake Creek,FWS - Alaska Region Office of Subsistence Management,2009
fws_Long Lake Creek,FWS - Alaska Region Office of Subsistence Management,2010
fws_Long Lake Creek,FWS - Alaska Region Office of Subsistence Management,2011
fws_Long Lake Creek,FWS - Alaska Region Office of Subsistence Management,2012
fws_Long Lake Creek,FWS - Alaska Region Office of Subsistence Management,2013
fws_Long Lake Creek,FWS - Alaska Region Office of Subsistence Management,2014
fws_Long Lake Creek,FWS - Alaska Region Office of Subsistence Management,2015
fws_Long Lake Creek,FWS - Alaska Region Office of Subsistence Management,2016
fws_Long Lake Creek,FWS - Alaska Region Office of Subsistence Management,2017
fws_Long Lake Creek,FWS - Alaska Region Office of Subsistence Management,2018
fws_Tanada Creek,FWS - Alaska Region Office of Subsistence Management,2009
fws_Tanada Creek,FWS - Alaska Region Office of Subsistence Management,2010
fws_Tanada Creek,FWS - Alaska Region Office of Subsistence Management,2013
fws_Tanada Creek,FWS - Alaska Region Office of Subsistence Management,2014
fws_Tanada Creek,FWS - Alaska Region Office of Subsistence Management,2015
fws_Tanada Creek,FWS - Alaska Region Office of Subsistence Management,2016
fws_Tanada Creek,FWS - Alaska Region Office of Subsistence Management,2017
fws_Tanada Creek,FWS - Alaska Region Office of Subsistence Management,2019
kdk_akacr01,fwsakKodiakNWR,2016
kdk_akacr01,fwsakKodiakNWR,2017
kdk_akacr02,fwsakKodiakNWR,2018
kdk_ayarv03,fwsakKodiakNWR,2015
kdk_ayarv03,fwsakKodiakNWR,2016
kdk_ayarv03,fwsakKodiakNWR,2017
kdk_ayarv03,fwsakKodiakNWR,2018
kdk_cancr01,fwsakKodiakNWR,2015
kdk_cancr01,fwsakKodiakNWR,2016
kdk_cancr01,fwsakKodiakNWR,2017
kdk_cancr02,fwsakKodiakNWR,2018
kdk_cascr01,fwsakKodiakNWR,2015
kdk_cascr01,fwsakKodiakNWR,2016
kdk_cascr01,fwsakKodiakNWR,2017
kdk_cascr01,fwsakKodiakNWR,2018
kdk_cascr01,fwsakKodiakNWR,2019
kdk_concr01,fwsakKodiakNWR,2015
kdk_concr01,fwsakKodiakNWR,2016
kdk_concr01,fwsakKodiakNWR,2017
kdk_concr01,fwsakKodiakNWR,2018
kdk_concr01,fwsakKodiakNWR,2019
kdk_eftrv01,fwsakKodiakNWR,2015
kdk_eftrv01,fwsakKodiakNWR,2016
kdk_eftrv01,fwsakKodiakNWR,2017
kdk_eftrv01,fwsakKodiakNWR,2018
kdk_falcr01,fwsakKodiakNWR,2015
kdk_falcr01,fwsakKodiakNWR,2017
kdk_meacr01,fwsakKodiakNWR,2015
kdk_meacr01,fwsakKodiakNWR,2016
kdk_omarv01,fwsakKodiakNWR,2015
kdk_omarv01,fwsakKodiakNWR,2016
kdk_pincr01,fwsakKodiakNWR,2015
kdk_pincr01,fwsakKodiakNWR,2016
kdk_pincr01,fwsakKodiakNWR,2017
kdk_pincr02,fwsakKodiakNWR,2018
kdk_relrv01,fwsakKodiakNWR,2015
kdk_relrv01,fwsakKodiakNWR,2016
kdk_relrv01,fwsakKodiakNWR,2017
kdk_relrv01,fwsakKodiakNWR,2018
kdk_soucr01,fwsakKodiakNWR,2015
kdk_soucr01,fwsakKodiakNWR,2017
kdk_soucr01,fwsakKodiakNWR,2018
BM1,UAF,2015
BM1,UAF,2016
BM10,UAF,2015
BM10,UAF,2016
BM11,UAF,2016
BM12,UAF,2016
BM13,UAF,2015
BM14,UAF,2016
BM2,UAF,2015
BM2,UAF,2016
BM3,UAF,2015
BM6,UAF,2015
BM7,UAF,2016
BM8,UAF,2015
BM8,UAF,2016
BM9,UAF,2015
BM9,UAF,2016
KWF1,KWF,2015
KWF1,KWF,2016
KWF2,KWF,2015
KWF2,KWF,2016
KWF3,KWF,2016
kdk_bigcr01,TribAlutiiqOldHarbor,2016
kdk_bigcr01,TribAlutiiqOldHarbor,2018
kdk_karrv02,TribLarsenBay,2016
kdk_karrv02,TribLarsenBay,2017
kdk_karrv02,TribLarsenBay,2018
lsarc,uaaAKNHP,2016
lsarc,uaaAKNHP,2020
lscoa,uaaAKNHP,2020
lscoh,uaaAKNHP,2016
lscoh,uaaAKNHP,2020
lsgov,uaaAKNHP,2020
lslak,uaaAKNHP,2016
lslak,uaaAKNHP,2020
lslak7,uaaAKNHP,2016
lslil10,uaaAKNHP,2016
lslil10,uaaAKNHP,2020
lsmoo1,uaaAKNHP,2020
lsnlt10,uaaAKNHP,2020
lspap,uaaAKNHP,2016
lspap,uaaAKNHP,2020
lsr100,uaaAKNHP,2020
lsr103,uaaAKNHP,2016
lsr106,uaaAKNHP,2020
lsr112,uaaAKNHP,2020
lsr112.2,uaaAKNHP,2016
lsr112.4,uaaAKNHP,2016
lsr112.4,uaaAKNHP,2020
lsr28,uaaAKNHP,2016
lsr28.3,uaaAKNHP,2020
lsr33,uaaAKNHP,2020
lsr33.1,uaaAKNHP,2016
lsr33.8,uaaAKNHP,2016
lsr47,uaaAKNHP,2020
lsr48.1,uaaAKNHP,2016
lsr48.3,uaaAKNHP,2016
lsr59,uaaAKNHP,2020
lsr63.1,uaaAKNHP,2016
lsr63.4,uaaAKNHP,2016
lsr67,uaaAKNHP,2020
lsr73,uaaAKNHP,2016
lsr73.1,uaaAKNHP,2016
lsr73.2,uaaAKNHP,2020
lsr87,uaaAKNHP,2016
lsr89,uaaAKNHP,2020
lsr93,uaaAKNHP,2020
lsswi1,uaaAKNHP,2020
lstrb33,uaaAKNHP,2016
lstrb33,uaaAKNHP,2020
lstrb36,uaaAKNHP,2020
lstrb88,uaaAKNHP,2020
lstrb97,uaaAKNHP,2020
nps_KATM_idavc_stream_water,npsSWAN,2017
nps_KATM_idavc_stream_water,npsSWAN,2018
nps_KATM_idavc_stream_water,npsSWAN,2019
nps_KATM_idavc_stream_water,npsSWAN,2020
nps_KATM_lbrooo,npsSWAN,2006
nps_KATM_lbrooo,npsSWAN,2007
nps_KATM_lbrooo,npsSWAN,2008
nps_KATM_lbrooo,npsSWAN,2012
nps_KATM_lbrooo,npsSWAN,2013
nps_KATM_lbrooo,npsSWAN,2018
nps_KATM_margc_stream_water,npsSWAN,2015
nps_KATM_margc_stream_water,npsSWAN,2017
nps_KATM_margc_stream_water,npsSWAN,2019
nps_KATM_margc_stream_water,npsSWAN,2020
nps_KATM_naknlo,npsSWAN,2006
nps_KATM_naknlo,npsSWAN,2007
nps_KATM_naknlo,npsSWAN,2009
nps_KATM_naknlo,npsSWAN,2010
nps_KATM_naknlo,npsSWAN,2011
nps_KATM_savor_stream_water,npsSWAN,2018
nps_KATM_savor_stream_water,npsSWAN,2019
nps_KATM_upatc_stream_water,npsSWAN,2015
nps_KATM_upatc_stream_water,npsSWAN,2016
nps_KATM_upatc_stream_water,npsSWAN,2017
nps_KATM_upatc_stream_water,npsSWAN,2018
nps_KATM_upatc_stream_water,npsSWAN,2019
nps_KATM_upatc_stream_water,npsSWAN,2020
nps_LACL_kijilo,npsSWAN,2016
nps_LACL_tazir_stream_water,npsSWAN,2015
nps_LACL_tazir_stream_water,npsSWAN,2018
nps_LACL_tazir_stream_water,npsSWAN,2019
nps_LACL_tazir_stream_water,npsSWAN,2020
nps_LACL_tlikr_stream_water,npsSWAN,2015
nps_LACL_tlikr_stream_water,npsSWAN,2016
nps_LACL_tlikr_stream_water,npsSWAN,2017
NPS_Chulitna_SiteB,npsakLakeClarkNP,2008
NPS_Chulitna_SiteB,npsakLakeClarkNP,2010
NPS_Chulitna_SiteB,npsakLakeClarkNP,2011
NPS_Hardenburg_Bay,npsakLakeClarkNP,2007
NPS_Hardenburg_Bay,npsakLakeClarkNP,2008
NPS_Hardenburg_Bay,npsakLakeClarkNP,2010
NPS_Hardenburg_Bay,npsakLakeClarkNP,2011
NPS_Hardenburg_Bay,npsakLakeClarkNP,2012
NPS_Hardenburg_Bay,npsakLakeClarkNP,2013
NPS_Hardenburg_Bay,npsakLakeClarkNP,2014
NPS_Hardenburg_Bay,npsakLakeClarkNP,2015
NPS_Hardenburg_Bay,npsakLakeClarkNP,2016
NPS_Little_Kijik_River_Dan,npsakLakeClarkNP,2001
NPS_Little_Kijik_River_Dan,npsakLakeClarkNP,2002
NPS_Little_Kijik_River_Dan,npsakLakeClarkNP,2003
NPS_Little_Kijik_River_Dan,npsakLakeClarkNP,2004
NPS_Newhalen_River,npsakLakeClarkNP,2008
NPS_Newhalen_River,npsakLakeClarkNP,2009
NPS_Newhalen_River,npsakLakeClarkNP,2010
NPS_Newhalen_River,npsakLakeClarkNP,2014
NPS_Newhalen_River,npsakLakeClarkNP,2016
NPS_Six_Mile_Outlet,npsakLakeClarkNP,2007
NPS_Six_Mile_Outlet,npsakLakeClarkNP,2008
NPS_Caribou Creek,npsCAKN,2008
NPS_Caribou Creek,npsCAKN,2009
NPS_Caribou Creek,npsCAKN,2010
NPS_Caribou Creek,npsCAKN,2011
NPS_Caribou Creek,npsCAKN,2012
NPS_Crystal Creek,npsCAKN,2011
NPS_Crystal Creek,npsCAKN,2012
NPS_Crystal Creek,npsCAKN,2013
NPS_Crystal Creek,npsCAKN,2014
NPS_Gilahina River,npsCAKN,2008
NPS_Gilahina River,npsCAKN,2011
NPS_Gilahina River,npsCAKN,2012
NPS_Gilahina River,npsCAKN,2013
NPS_Gilahina River,npsCAKN,2014
NPS_Gilahina River,npsCAKN,2015
NPS_Gilahina River,npsCAKN,2016
NPS_Gilahina River,npsCAKN,2017
NPS_Gilahina River,npsCAKN,2018
NPS_Gilahina River,npsCAKN,2019
NPS_Lakina River,npsCAKN,2008
NPS_Long Lake Creek,npsCAKN,2008
NPS_Long Lake Creek,npsCAKN,2011
NPS_Long Lake Creek,npsCAKN,2012
NPS_Long Lake Creek,npsCAKN,2013
NPS_Long Lake Creek,npsCAKN,2014
NPS_Rock Creek WRST,npsCAKN,2010
NPS_Rock Creek WRST,npsCAKN,2011
NPS_Rock Creek WRST,npsCAKN,2012
NPS_Rock Creek WRST,npsCAKN,2018
NPS_Rock Creek WRST,npsCAKN,2020
NPS_Rufus Creek,npsCAKN,2009
NPS_Rufus Creek,npsCAKN,2010
NPS_Rufus Creek,npsCAKN,2011
NPS_Rufus Creek,npsCAKN,2012
NPS_Rufus Creek,npsCAKN,2014
NPS_Rufus Creek,npsCAKN,2015
NPS_Rufus Creek,npsCAKN,2016
NPS_Rufus Creek,npsCAKN,2017
NPS_Rufus Creek,npsCAKN,2018
NPS_Rufus Creek,npsCAKN,2019
NPS_Rufus Creek,npsCAKN,2020
nv_Eyak_Hartney Creek,nvEyak,2016
nv_Eyak_Hartney Creek,nvEyak,2017
nv_Eyak_Hartney Creek,nvEyak,2020
nv_Eyak_Heney Creek,nvEyak,2017
nv_Eyak_Heney Creek,nvEyak,2018
nv_Eyak_Heney Creek,nvEyak,2020
PWSCC_Erb,PWSCC,2016
PWSCC_Erb,PWSCC,2017
PWSCC_Erb,PWSCC,2018
PWSCC_Gilmour,PWSCC,2016
PWSCC_Gilmour,PWSCC,2019
PWSCC_Hogan,PWSCC,2018
PWSCC_Hogan,PWSCC,2019
PWSCC_Stockdale,PWSCC,2016
PWSCC_Stockdale,PWSCC,2017
PWSCC_Stockdale,PWSCC,2018
PWSCC_Stockdale,PWSCC,2019
USFS_18 Mile,usfsakChugach,2019
USFS_18 Mile Middle Fork,usfsakChugach,2013
USFS_18 Mile Middle Fork,usfsakChugach,2014
USFS_18 Mile Middle Fork,usfsakChugach,2017
USFS_18 Mile Middle Fork,usfsakChugach,2018
USFS_18 Mile West Fork,usfsakChugach,2013
USFS_18 Mile West Fork,usfsakChugach,2017
USFS_24.9 Mile Creek,usfsakChugach,2013
USFS_24.9 Mile Creek,usfsakChugach,2014
USFS_24.9 Mile Creek,usfsakChugach,2016
USFS_24.9 Mile Creek,usfsakChugach,2017
USFS_24.9 Mile Creek,usfsakChugach,2018
USFS_25 Mile,usfsakChugach,2011
USFS_25 Mile,usfsakChugach,2012
USFS_25 Mile,usfsakChugach,2014
USFS_25 Mile,usfsakChugach,2015
USFS_25 Mile,usfsakChugach,2016
USFS_25 Mile,usfsakChugach,2017
USFS_25 Mile,usfsakChugach,2018
USFS_25 Mile,usfsakChugach,2019
USFS_Bench Creek,usfsakChugach,2014
USFS_Bench Creek,usfsakChugach,2015
USFS_Bench Creek,usfsakChugach,2016
USFS_Bench Creek,usfsakChugach,2018
USFS_Bench Creek,usfsakChugach,2019
USFS_Bench Creek,usfsakChugach,2020
USFS_Blackhole Creek,usfsakChugach,2014
USFS_Blackhole Creek,usfsakChugach,2015
USFS_Blackhole Creek,usfsakChugach,2016
USFS_Blackhole Creek,usfsakChugach,2017
USFS_Blackhole Creek,usfsakChugach,2018
USFS_Blackhole Creek,usfsakChugach,2019
USFS_Cabin Lake Outlet,usfsakChugach,2012
USFS_Cabin Lake Outlet,usfsakChugach,2013
USFS_Cabin Lake Outlet,usfsakChugach,2014
USFS_Cabin Lake Outlet,usfsakChugach,2015
USFS_Cabin Lake Outlet,usfsakChugach,2016
USFS_Cabin Lake Outlet,usfsakChugach,2017
USFS_Cabin Lake Outlet,usfsakChugach,2018
USFS_Cabin Lake Outlet,usfsakChugach,2019
USFS_Center Creek,usfsakChugach,2015
USFS_Center Creek,usfsakChugach,2016
USFS_Center Creek,usfsakChugach,2017
USFS_Center Creek,usfsakChugach,2018
USFS_Center Creek,usfsakChugach,2019
USFS_Center Creek,usfsakChugach,2020
USFS_Chickaloon Headwaters,usfsakChugach,2014
USFS_Chickaloon Headwaters,usfsakChugach,2016
USFS_Chickaloon Headwaters,usfsakChugach,2017
USFS_Crescent Creek,usfsakChugach,2014
USFS_Crescent Creek,usfsakChugach,2015
USFS_Crescent Creek,usfsakChugach,2016
USFS_Crescent Creek,usfsakChugach,2017
USFS_Crescent Creek,usfsakChugach,2018
USFS_Daves Creek,usfsakChugach,2014
USFS_Daves Creek,usfsakChugach,2015
USFS_Daves Creek,usfsakChugach,2016
USFS_Daves Creek,usfsakChugach,2017
USFS_Daves Creek,usfsakChugach,2018
USFS_Daves Creek,usfsakChugach,2019
USFS_Daves Creek,usfsakChugach,2020
USFS_Eagle Creek,usfsakChugach,2014
USFS_Eagle Creek,usfsakChugach,2015
USFS_Eagle Creek,usfsakChugach,2016
USFS_Eagle Creek,usfsakChugach,2017
USFS_Eagle Creek,usfsakChugach,2018
USFS_Eagle Creek,usfsakChugach,2019
USFS_Hell's Hole Trib,usfsakChugach,2013
USFS_Hell's Hole Trib,usfsakChugach,2014
USFS_Hell's Hole Trib,usfsakChugach,2015
USFS_Hell's Hole Trib,usfsakChugach,2016
USFS_Hell's Hole Trib,usfsakChugach,2017
USFS_Hell's Hole Trib,usfsakChugach,2018
USFS_Hell's Hole Trib,usfsakChugach,2019
USFS_Hook Point,usfsakChugach,2014
USFS_Hook Point,usfsakChugach,2015
USFS_Hook Point,usfsakChugach,2016
USFS_Hook Point,usfsakChugach,2017
USFS_Hook Point,usfsakChugach,2018
USFS_Hook Point,usfsakChugach,2019
USFS_Ibeck Creek-Low,usfsakChugach,2016
USFS_Ibeck Creek-Low,usfsakChugach,2017
USFS_Ibeck Creek-Low,usfsakChugach,2018
USFS_Ibeck Creek-Low,usfsakChugach,2019
USFS_Jackpot River,usfsakChugach,2014
USFS_Jackpot River,usfsakChugach,2015
USFS_Jackpot River,usfsakChugach,2016
USFS_Jackpot River,usfsakChugach,2017
USFS_Juneau Creek,usfsakChugach,2014
USFS_Juneau Creek,usfsakChugach,2015
USFS_Juneau Creek,usfsakChugach,2016
USFS_Juneau Creek,usfsakChugach,2017
USFS_Juneau Creek,usfsakChugach,2018
USFS_Koppen Creek,usfsakChugach,2013
USFS_Koppen Creek,usfsakChugach,2014
USFS_Koppen Creek,usfsakChugach,2015
USFS_Koppen Creek,usfsakChugach,2016
USFS_Koppen Creek,usfsakChugach,2017
USFS_Koppen Creek,usfsakChugach,2018
USFS_Koppen Creek,usfsakChugach,2019
USFS_Little Martin River,usfsakChugach,2011
USFS_Little Martin River,usfsakChugach,2012
USFS_Little Martin River,usfsakChugach,2013
USFS_Little Martin River,usfsakChugach,2014
USFS_Little Martin River,usfsakChugach,2016
USFS_Little Martin River,usfsakChugach,2017
USFS_Little Martin River,usfsakChugach,2018
USFS_Little Martin River,usfsakChugach,2019
USFS_Martin Lake- Inlet,usfsakChugach,2011
USFS_Martin Lake- Inlet,usfsakChugach,2012
USFS_Martin Lake- Inlet,usfsakChugach,2013
USFS_Martin Lake- Inlet,usfsakChugach,2014
USFS_Martin Lake- Inlet,usfsakChugach,2016
USFS_Martin Lake- Inlet,usfsakChugach,2017
USFS_Martin Lake- Inlet,usfsakChugach,2018
USFS_Martin Lake- Inlet,usfsakChugach,2019
USFS_Middle Arm Eyak,usfsakChugach,2012
USFS_Middle Arm Eyak,usfsakChugach,2014
USFS_Middle Arm Eyak,usfsakChugach,2015
USFS_Middle Arm Eyak,usfsakChugach,2016
USFS_Middle Arm Eyak,usfsakChugach,2017
USFS_Middle Arm Eyak,usfsakChugach,2018
USFS_Olsen Creek,usfsakChugach,2013
USFS_Olsen Creek,usfsakChugach,2014
USFS_Olsen Creek,usfsakChugach,2015
USFS_Olsen Creek,usfsakChugach,2016
USFS_Olsen Creek,usfsakChugach,2017
USFS_Olsen Creek,usfsakChugach,2018
USFS_Pigot Bay Spawn Channel,usfsakChugach,2014
USFS_Pigot Bay Spawn Channel,usfsakChugach,2015
USFS_Pigot Bay Spawn Channel,usfsakChugach,2016
USFS_Pigot Bay Spawn Channel,usfsakChugach,2017
USFS_Power Creek,usfsakChugach,2010
USFS_Power Creek,usfsakChugach,2011
USFS_Power Creek,usfsakChugach,2012
USFS_Power Creek,usfsakChugach,2013
USFS_Power Creek,usfsakChugach,2015
USFS_Power Creek,usfsakChugach,2016
USFS_Power Creek,usfsakChugach,2017
USFS_Power Creek,usfsakChugach,2018
USFS_Power Creek,usfsakChugach,2019
USFS_Quartz Creek,usfsakChugach,2014
USFS_Quartz Creek,usfsakChugach,2015
USFS_Quartz Creek,usfsakChugach,2016
USFS_Quartz Creek,usfsakChugach,2017
USFS_Quartz Creek,usfsakChugach,2018
USFS_Quartz Creek,usfsakChugach,2019
USFS_Quartz Creek,usfsakChugach,2020
USFS_Resurrection Creek,usfsakChugach,2014
USFS_Resurrection Creek,usfsakChugach,2015
USFS_Resurrection Creek,usfsakChugach,2016
USFS_Resurrection Creek,usfsakChugach,2017
USFS_Resurrection Creek,usfsakChugach,2018
USFS_Rude River SC,usfsakChugach,2014
USFS_Rude River SC,usfsakChugach,2015
USFS_Rude River SC,usfsakChugach,2017
USFS_Rude River SC,usfsakChugach,2018
USFS_Salmon Creek,usfsakChugach,2011
USFS_Salmon Creek,usfsakChugach,2012
USFS_Salmon Creek,usfsakChugach,2013
USFS_Salmon Creek,usfsakChugach,2014
USFS_Salmon Creek,usfsakChugach,2015
USFS_Salmon Creek,usfsakChugach,2016
USFS_Salmon Creek,usfsakChugach,2017
USFS_Salmon Creek,usfsakChugach,2018
USFS_Salmon Creek,usfsakChugach,2019
USFS_Sheep River,usfsakChugach,2013
USFS_Sheep River,usfsakChugach,2014
USFS_Sheep River,usfsakChugach,2015
USFS_Sheep River,usfsakChugach,2016
USFS_Sheep River,usfsakChugach,2017
USFS_Sheep River,usfsakChugach,2018
USFS_Sheep River,usfsakChugach,2019
USFS_Shelter Bay Trib,usfsakChugach,2013
USFS_Shelter Bay Trib,usfsakChugach,2014
USFS_Shelter Bay Trib,usfsakChugach,2015
USFS_Shelter Bay Trib,usfsakChugach,2016
USFS_Shelter Bay Trib,usfsakChugach,2017
USFS_Shelter Bay Trib,usfsakChugach,2018
USFS_Solf Lake Fish Pass,usfsakChugach,2012
USFS_Solf Lake Fish Pass,usfsakChugach,2013
USFS_Solf Lake Fish Pass,usfsakChugach,2014
USFS_Solf Lake Fish Pass,usfsakChugach,2015
USFS_Solf Lake Fish Pass,usfsakChugach,2016
USFS_Solf Lake Fish Pass,usfsakChugach,2017
USFS_Solf Lake Fish Pass,usfsakChugach,2018
USFS_Stump Lake Outlet,usfsakChugach,2014
USFS_Stump Lake Outlet,usfsakChugach,2015
USFS_Stump Lake Outlet,usfsakChugach,2016
USFS_Stump Lake Outlet,usfsakChugach,2017
USFS_Stump Lake Outlet,usfsakChugach,2018
usgs_15200280,USGS,2016
usgs_15200280,USGS,2018
usgs_15200280,USGS,2019
usgs_15200280,USGS,2020
usgs_15209700,USGS,2020
usgs_15215900,USGS,2013
usgs_15215900,USGS,2014
usgs_15215900,USGS,2015
usgs_15215900,USGS,2016
usgs_15215900,USGS,2017
usgs_15215900,USGS,2018
usgs_15215900,USGS,2019
usgs_15215900,USGS,2020
usgs_15236900,USGS,2016
usgs_15236900,USGS,2017
usgs_15236900,USGS,2018
usgs_15236900,USGS,2019
usgs_15236900,USGS,2020
usgs_15237030,USGS,2020
usgs_15238450,USGS,2020
usgs_15238984,USGS,2013
usgs_15238986,USGS,2011
usgs_15238986,USGS,2018
usgs_15238986,USGS,2019
usgs_15238986,USGS,2020
usgs_15239070,USGS,1987
usgs_15239070,USGS,1988
usgs_15239070,USGS,1989
usgs_15239070,USGS,1990
usgs_15239070,USGS,1991
usgs_15239070,USGS,1992
usgs_15239070,USGS,1993
usgs_15239070,USGS,1994
usgs_15239070,USGS,1995
usgs_15239070,USGS,1996
usgs_15239070,USGS,1997
usgs_15239070,USGS,1998
usgs_15239070,USGS,1999
usgs_15239070,USGS,2011
usgs_15239070,USGS,2012
usgs_15239070,USGS,2013
usgs_15239070,USGS,2014
usgs_15239070,USGS,2015
usgs_15239070,USGS,2016
usgs_15239070,USGS,2017
usgs_15239070,USGS,2018
usgs_15239070,USGS,2019
usgs_15239070,USGS,2020
usgs_15241600,USGS,1999
usgs_15241600,USGS,2000
usgs_15241600,USGS,2001
usgs_15241600,USGS,2002
usgs_15258000,USGS,2003
usgs_15258000,USGS,2005
usgs_15258000,USGS,2006
usgs_15258000,USGS,2007
usgs_15258000,USGS,2008
usgs_15258000,USGS,2009
usgs_15258000,USGS,2010
usgs_15258000,USGS,2011
usgs_15258000,USGS,2012
usgs_15258000,USGS,2013
usgs_15258000,USGS,2014
usgs_15258000,USGS,2015
usgs_15258000,USGS,2016
usgs_15258000,USGS,2017
usgs_15258000,USGS,2018
usgs_15258000,USGS,2019
usgs_15258000,USGS,2020
usgs_15260001,USGS,2016
usgs_15260001,USGS,2018
usgs_15260001,USGS,2019
usgs_15261000,USGS,1999
usgs_15261000,USGS,2000
usgs_15261000,USGS,2001
usgs_15261000,USGS,2002
usgs_15261000,USGS,2003
usgs_15261000,USGS,2004
usgs_15261000,USGS,2005
usgs_15261000,USGS,2006
usgs_15261000,USGS,2007
usgs_15261000,USGS,2008
usgs_15261000,USGS,2009
usgs_15261000,USGS,2010
usgs_15261000,USGS,2011
usgs_15261000,USGS,2012
usgs_15261000,USGS,2013
usgs_15261000,USGS,2014
usgs_15261000,USGS,2015
usgs_15261000,USGS,2016
usgs_15261000,USGS,2017
usgs_15261000,USGS,2018
usgs_15261000,USGS,2019
usgs_15261000,USGS,2020
usgs_15266110,USGS,2000
usgs_15266110,USGS,2001
usgs_15266300,USGS,1999
usgs_15266300,USGS,2000
usgs_15266300,USGS,2001
usgs_15266300,USGS,2014
usgs_15266300,USGS,2015
usgs_15266300,USGS,2016
usgs_15266300,USGS,2017
usgs_15266300,USGS,2018
usgs_15266300,USGS,2019
usgs_15266300,USGS,2020
usgs_15272380,USGS,2003
usgs_15272380,USGS,2004
usgs_15272380,USGS,2006
usgs_15272380,USGS,2007
usgs_15272380,USGS,2008
usgs_15272380,USGS,2009
usgs_15272380,USGS,2010
usgs_15272380,USGS,2011
usgs_15274000,USGS,2000
usgs_15274000,USGS,2001
usgs_15276000,USGS,2015
usgs_15276000,USGS,2016
usgs_15276000,USGS,2017
usgs_15276000,USGS,2018
usgs_15276000,USGS,2019
usgs_15276000,USGS,2020
usgs_15280999,USGS,2019
usgs_15280999,USGS,2020
usgs_15283700,USGS,2011
usgs_15283700,USGS,2012
usgs_15283700,USGS,2013
usgs_15283700,USGS,2014
usgs_15283700,USGS,2015
usgs_15283700,USGS,2016
usgs_15283700,USGS,2017
usgs_15283700,USGS,2018
usgs_15283700,USGS,2019
usgs_15283700,USGS,2020
usgs_15284000,USGS,2015
usgs_15284000,USGS,2016
usgs_15284000,USGS,2017
usgs_15284000,USGS,2018
usgs_15284000,USGS,2019
usgs_15284000,USGS,2020
usgs_15285000,USGS,2010
usgs_15285000,USGS,2011
usgs_15285000,USGS,2012
usgs_15290000,USGS,2015
usgs_15290000,USGS,2016
usgs_15290000,USGS,2017
usgs_15290000,USGS,2018
usgs_15290000,USGS,2019
usgs_15290000,USGS,2020
usgs_15291000,USGS,1980
usgs_15291000,USGS,1981
usgs_15291000,USGS,1982
usgs_15291000,USGS,2012
usgs_15291000,USGS,2013
usgs_15291000,USGS,2014
usgs_15291700,USGS,2016
usgs_15292100,USGS,2012
usgs_15292100,USGS,2014
usgs_15292400,USGS,2012
usgs_15292400,USGS,2013
usgs_15292400,USGS,2014
usgs_15292400,USGS,2016
usgs_15292700,USGS,2012
usgs_15292700,USGS,2013
usgs_15292700,USGS,2014
usgs_15292700,USGS,2015
usgs_15292700,USGS,2016
usgs_15292700,USGS,2017
usgs_15292700,USGS,2018
usgs_15292700,USGS,2019
usgs_15292700,USGS,2020
usgs_15292780,USGS,1983
usgs_15292780,USGS,1984
usgs_15292780,USGS,1985
usgs_15292780,USGS,2012
usgs_15292780,USGS,2013
usgs_15292780,USGS,2014
usgs_15292780,USGS,2015
usgs_15292800,USGS,2011
usgs_15292800,USGS,2012
usgs_15292800,USGS,2013
usgs_15292800,USGS,2014
usgs_15292800,USGS,2015
usgs_15292800,USGS,2016
usgs_15292800,USGS,2017
usgs_15292800,USGS,2018
usgs_15293200,USGS,2013
usgs_15293200,USGS,2014
usgs_15293200,USGS,2015
usgs_15293200,USGS,2016
usgs_15293200,USGS,2017
usgs_15293200,USGS,2018
usgs_15294005,USGS,1983
usgs_15294005,USGS,1984
usgs_15294005,USGS,1987
usgs_15294005,USGS,1988
usgs_15294005,USGS,2015
usgs_15294005,USGS,2016
usgs_15294005,USGS,2017
usgs_15294005,USGS,2018
usgs_15294005,USGS,2019
usgs_15294005,USGS,2020
usgs_15294080,USGS,2017
usgs_15294080,USGS,2018
usgs_15294080,USGS,2019
usgs_15294080,USGS,2020
usgs_15294345,USGS,1981
usgs_15294345,USGS,1982
usgs_15294345,USGS,1984
usgs_15294345,USGS,1985
usgs_15294345,USGS,2013
usgs_15294345,USGS,2014
usgs_15294350,USGS,1980
usgs_15294350,USGS,1983
usgs_15294350,USGS,1984
usgs_15294350,USGS,1985
usgs_15294350,USGS,1986
usgs_15294350,USGS,2013
usgs_15294350,USGS,2014
usgs_15295700,USGS,1982
usgs_15295700,USGS,1984
usgs_15295700,USGS,1985
usgs_15295700,USGS,1986
usgs_15295700,USGS,1987
usgs_15295700,USGS,1988
usgs_15295700,USGS,1990
usgs_15295700,USGS,1991
usgs_15295700,USGS,1992
usgs_15295700,USGS,1993
usgs_15295700,USGS,1994
usgs_15295700,USGS,1995
usgs_15295700,USGS,1996
usgs_15295700,USGS,1997
usgs_15295700,USGS,1998
usgs_15295700,USGS,1999
usgs_15295700,USGS,2000
usgs_15295700,USGS,2001
usgs_15295700,USGS,2002
usgs_15295700,USGS,2003
usgs_15295700,USGS,2004
usgs_15295700,USGS,2005
usgs_15295700,USGS,2006
usgs_15295700,USGS,2007
usgs_15295700,USGS,2008
usgs_15295700,USGS,2009
usgs_15295700,USGS,2010
usgs_15295700,USGS,2011
usgs_15295700,USGS,2012
usgs_15295700,USGS,2013
usgs_15295700,USGS,2014
usgs_15295700,USGS,2015
usgs_15295700,USGS,2016
usgs_15295700,USGS,2017
usgs_15295700,USGS,2018
usgs_15295700,USGS,2019
usgs_15295700,USGS,2020
usgs_15297475,USGS,2018
usgs_15297475,USGS,2019
usgs_15297475,USGS,2020
usgs_15298040,USGS,2010
usgs_15298040,USGS,2011
usgs_15298040,USGS,2013
usgs_15298040,USGS,2014
usgs_15298040,USGS,2015
usgs_15298040,USGS,2016
usgs_15298040,USGS,2017
usgs_15300100,USGS,2006
usgs_15300100,USGS,2007
usgs_15300100,USGS,2008
usgs_15300100,USGS,2009
usgs_15300100,USGS,2010
usgs_15300100,USGS,2011
usgs_15300100,USGS,2012
usgs_15300100,USGS,2013
usgs_15300100,USGS,2014
usgs_15300100,USGS,2015
usgs_15300100,USGS,2016
usgs_15300250,USGS,2006
usgs_15300250,USGS,2007
usgs_15300250,USGS,2008
usgs_15300250,USGS,2010
usgs_15300250,USGS,2011
usgs_15300250,USGS,2012
usgs_15300250,USGS,2013
usgs_15300250,USGS,2014
usgs_15300250,USGS,2015
usgs_15300250,USGS,2016
usgs_15300270,USGS,2012
usgs_15300270,USGS,2013
usgs_15300300,USGS,2014
usgs_15300300,USGS,2015
usgs_15300300,USGS,2016
usgs_15300300,USGS,2017
usgs_15300300,USGS,2018
usgs_15300300,USGS,2019
usgs_15300300,USGS,2020
usgs_15300320,USGS,2011
usgs_15300320,USGS,2012
usgs_15300320,USGS,2013
usgs_15301500,USGS,2012
usgs_15301500,USGS,2013
usgs_15301500,USGS,2014
usgs_15302000,USGS,2014
usgs_15302000,USGS,2015
usgs_15302000,USGS,2016
usgs_15302000,USGS,2017
usgs_15302000,USGS,2018
usgs_15302000,USGS,2019
usgs_15302000,USGS,2020
usgs_15302200,USGS,2007
usgs_15302200,USGS,2008
usgs_15302200,USGS,2011
usgs_15302200,USGS,2012
usgs_15302200,USGS,2013
usgs_15302200,USGS,2014
usgs_15302200,USGS,2015
usgs_15302200,USGS,2018
usgs_15302200,USGS,2019
usgs_15302200,USGS,2020
usgs_15302250,USGS,2007
usgs_15302250,USGS,2008
usgs_15302250,USGS,2009
usgs_15302250,USGS,2010
usgs_15302250,USGS,2011
usgs_15302250,USGS,2012
usgs_15302250,USGS,2013
usgs_15302250,USGS,2014
usgs_15302250,USGS,2015
usgs_15302250,USGS,2018
usgs_15302250,USGS,2019
usgs_15302250,USGS,2020
usgs_15302300,USGS,2014
usgs_15302320,USGS,2014
usgs_15302812,USGS,2017
usgs_15302812,USGS,2018
usgs_15302812,USGS,2019
usgs_15302812,USGS,2020
UW_Nerka Allah Creek,uwASP,2011
UW_Aleknagik Bear Creek,uwASP,2011
UW_Nerka Beaver Creek,uwASP,2011
UW_Nerka Bug Creek,uwASP,2011
UW_Little Togiak C Creek,uwASP,2011
UW_Aleknagik Eagle Creek,uwASP,2011
UW_Nerka Fenno Creek,uwASP,2011
UW_Aleknagik Pfifer Creek,uwASP,2011
UW_Aleknagik Hansen Creek,uwASP,2011
UW_Aleknagik Happy Creek,uwASP,2011
UW_Nerka Hidden Lake Creek,uwASP,2011
UW_Aleknagik Ice Creek,uwASP,2011
UW_Nerka Joe Creek,uwASP,2011
UW_Nerka Kema Creek,uwASP,2011
UW_Nerka Lynx Creek Cold Tributary,uwASP,2011
UW_Aleknagik Mission Creek,uwASP,2011
UW_Nerka Bear Creek,uwASP,2011
UW_Nerka Sam Creek,uwASP,2011
UW_Nerka Seventh Creek,uwASP,2011
UW_Aleknagik Silver Salmon Creek,uwASP,2011
UW_Nerka Sixth Creek,uwASP,2011
UW_Nerka Stovall Creek,uwASP,2011
UW_Aleknagik Big Whitefish Creek,uwASP,2011
UW_Aleknagik Yako Creek,uwASP,2011
UW_Nerka Allah Creek,uwASP,2012
UW_Aleknagik Bear Creek,uwASP,2012
UW_Nerka Beaver Creek,uwASP,2012
UW_Nerka Berm Creek,uwASP,2012
UW_Little Togiak C Creek,uwASP,2012
UW_Nerka Cabin Creek,uwASP,2012
UW_Nerka Cottonwood Creek,uwASP,2012
UW_Aleknagik Eagle Creek,uwASP,2012
UW_Nerka Fenno Creek,uwASP,2012
UW_Aleknagik Pfifer Creek,uwASP,2012
UW_Aleknagik Hansen Creek,uwASP,2012
UW_Nerka Hidden Lake Creek,uwASP,2012
UW_Aleknagik Ice Creek,uwASP,2012
UW_Nerka Joe Creek,uwASP,2012
UW_Kulik K-3 Creek,uwASP,2012
UW_Nerka Lynx Creek,uwASP,2012
UW_Nerka Lynx Creek Cold Tributary,uwASP,2012
UW_Aleknagik Mission Creek,uwASP,2012
UW_Nerka Bear Creek,uwASP,2012
UW_Nerka Pick Creek,uwASP,2012
UW_Nerka Pike Creek,uwASP,2012
UW_Nerka Rainbow Creek,uwASP,2012
UW_Nerka Sam Creek,uwASP,2012
UW_Nerka Seventh Creek,uwASP,2012
UW_Aleknagik Silver Salmon Creek,uwASP,2012
UW_Nerka Sixth Creek,uwASP,2012
UW_Nerka Stovall Creek,uwASP,2012
UW_Nerka Teal Creek,uwASP,2012
UW_Aleknagik Big Whitefish Creek,uwASP,2012
UW_Aleknagik Yako Creek,uwASP,2012
UW_Aleknagik Bear Creek,uwASP,2013
UW_Nerka Berm Creek,uwASP,2013
UW_Nerka Elva Creek,uwASP,2013
UW_Aleknagik Hansen Creek,uwASP,2013
UW_Nerka Hidden Lake Creek,uwASP,2013
UW_Beverley Hope Creek,uwASP,2013
UW_Nerka Joe Creek,uwASP,2013
UW_Kulik K-3 Creek,uwASP,2013
UW_Nerka Kema Creek,uwASP,2013
UW_Nerka Lynx Creek,uwASP,2013
UW_Beverley Moose Creek,uwASP,2013
UW_Nerka Pick Creek,uwASP,2013
UW_Nerka Sam Creek,uwASP,2013
UW_Nerka Seventh Creek,uwASP,2013
UW_Beverley Silverhorn Creek,uwASP,2013
UW_Nerka Stovall Creek,uwASP,2013
UW_Nerka Teal Creek,uwASP,2013
UW_Beverley Uno Creek,uwASP,2013
UW_Aleknagik Big Whitefish Creek,uwASP,2013
UW_Nerka Allah Creek,uwASP,2014
UW_Aleknagik Bear Creek,uwASP,2014
UW_Nerka Berm Creek,uwASP,2014
UW_Little Togiak C Creek,uwASP,2014
UW_Nerka Cabin Creek,uwASP,2014
UW_Nerka Cottonwood Creek,uwASP,2014
UW_Aleknagik Eagle Creek,uwASP,2014
UW_Nerka Elva Creek,uwASP,2014
UW_Aleknagik Hansen Creek,uwASP,2014
UW_Nerka Kema Creek,uwASP,2014
UW_Nerka Lynx Creek,uwASP,2014
UW_Nerka Bear Creek,uwASP,2014
UW_Nerka Pick Creek,uwASP,2014
UW_Nerka Rainbow Creek,uwASP,2014
UW_Nerka Sam Creek,uwASP,2014
UW_Nerka Stovall Creek,uwASP,2014
UW_Nerka Teal Creek,uwASP,2014
UW_Nerka Allah Creek,uwASP,2015
UW_Aleknagik Bear Creek,uwASP,2015
UW_Nerka Berm Creek,uwASP,2015
UW_Little Togiak C Creek,uwASP,2015
UW_Aleknagik Happy Creek,uwASP,2015
UW_Nerka Hidden Lake Creek,uwASP,2015
UW_Nerka Joe Creek,uwASP,2015
UW_Nerka Lynx Creek,uwASP,2015
UW_Beverley Moose Creek,uwASP,2015
UW_Nerka Bear Creek,uwASP,2015
UW_Nerka Pick Creek,uwASP,2015
UW_Nerka Sam Creek,uwASP,2015
UW_Nerka Seventh Creek,uwASP,2015
UW_Aleknagik Silver Salmon Creek,uwASP,2015
UW_Aleknagik Big Whitefish Creek,uwASP,2015
UW_Aleknagik Yako Creek,uwASP,2015
UW_Nerka Allah Creek,uwASP,2016
UW_Aleknagik Bear Creek,uwASP,2016
UW_Nerka Berm Creek,uwASP,2016
UW_Little Togiak C Creek,uwASP,2016
UW_Nerka Cabin Creek,uwASP,2016
UW_Nerka Cottonwood Creek,uwASP,2016
UW_Aleknagik Eagle Creek,uwASP,2016
UW_Nerka Elva Creek,uwASP,2016
UW_Nerka Fenno Creek,uwASP,2016
UW_Aleknagik Pfifer Creek,uwASP,2016
UW_Aleknagik Hansen Creek,uwASP,2016
UW_Nerka Hidden Lake Creek,uwASP,2016
UW_Beverley Hope Creek,uwASP,2016
UW_Nerka Joe Creek,uwASP,2016
UW_Nerka Kema Creek,uwASP,2016
UW_Kulik Kulik Creek,uwASP,2016
UW_Little Togiak Creek,uwASP,2016
UW_Nerka Lynx Creek,uwASP,2016
UW_Nerka Lynx Creek Cold Tributary,uwASP,2016
UW_Beverley Moose Creek,uwASP,2016
UW_Nerka N4 Creek,uwASP,2016
UW_Nerka Bear Creek,uwASP,2016
UW_Nerka Pick Creek,uwASP,2016
UW_Nerka Rainbow Creek,uwASP,2016
UW_Nerka Sam Creek,uwASP,2016
UW_Aleknagik Silver Salmon Creek,uwASP,2016
UW_Aleknagik Squaw Creek,uwASP,2016
UW_Nerka Stovall Creek,uwASP,2016
UW_Nerka Teal Creek,uwASP,2016
UW_Beverley Uno Creek,uwASP,2016
UW_Aleknagik Big Whitefish Creek,uwASP,2016
UW_Aleknagik Yako Creek,uwASP,2016
UW_Aleknagik Youth Creek,uwASP,2016
